datetime,price,volume,vwap,circulating_supply,realized_value,market_value,mvrv_ratio
2024-06-26 00:00:00,136.51374501335556,2814099573.8678613,136.51374501335556,531207612.6555071,72517140583.20724,72517140583.20724,1.0
2024-06-27 00:00:00,136.4415134350111,1948967423.6505835,136.49896703592782,531207612.6555071,72509290409.09798,72478770618.91655,0.9995790913135512
2024-06-28 00:00:00,149.23075419544415,3176696321.950792,138.1940063513491,531207612.6555071,73409708197.20013,79272512670.94269,1.0798641571765049
2024-06-29 00:00:00,139.72594706135848,2594297845.7966657,138.92712181276775,531207612.6555071,73799144711.26118,74223486764.494,1.0057499589581025
2024-06-30 00:00:00,139.86689852094338,1346294362.1943076,139.3384439379823,531207612.6555071,74017642155.42879,74298361252.84041,1.0037925971327504
2024-07-01 00:00:00,146.42869641202853,1780441975.6133604,139.73093438922535,531207612.6555071,74226136071.0237,77784038245.29169,1.0479332801435817
2024-07-02 00:00:00,146.34737782842973,2006890597.1463182,140.0964467987678,531207612.6555071,74420299045.4927,77740841194.63365,1.0446187692300337
2024-07-03 00:00:00,153.63922449411186,2426999726.934943,140.56086987273534,531207612.6555071,74667004117.87714,81614325653.76067,1.0930440643489026
2024-07-04 00:00:00,140.7242009904032,3214187013.5043983,140.8703398366891,531207612.6555071,74831396918.6176,74753766850.96584,0.9989626003141945
2024-07-05 00:00:00,127.93484525812943,3791021538.3341756,140.88514832521122,531207612.6555071,74839263300.45247,67959963725.02265,0.9080790046287345
2024-07-06 00:00:00,134.41985405373308,5884811589.169382,141.21029207103302,531207612.6555071,75011982133.44034,71404849765.38524,0.9519125842903564
2024-07-07 00:00:00,143.1010931430681,2489336508.5500417,141.56319930261364,531207612.6555071,75199449141.41714,76016390056.92256,1.010863655583023
2024-07-08 00:00:00,131.85304400674195,2189333148.6797557,141.35602231935022,531207612.6555071,75089395150.7406,70041340728.1829,0.9327727382485395
2024-07-09 00:00:00,139.3176879675135,4080257370.582092,141.19260888586138,531207612.6555071,75002588690.86116,74006616425.90771,0.9867208281428984
2024-07-10 00:00:00,141.45706675192378,2918129762.127563,141.05690810074879,531207612.6555071,74930503400.76602,75143070722.54013,1.002836859651632
2024-07-11 00:00:00,141.92265716309768,2267417219.9193945,140.861828656248,531207612.6555071,74826875714.7746,75390395893.33513,1.0075309863358262
2024-07-12 00:00:00,136.0741315804191,2968505762.681664,140.58440010935786,531207612.6555071,74679503558.6986,72283614581.00578,0.9679177168631066
2024-07-13 00:00:00,139.36219270413474,2492119021.139762,140.15398364677503,531207612.6555071,74450863057.16234,74030257680.80014,0.9943505641292666
2024-07-14 00:00:00,141.6752437311082,1319666582.8903584,139.77567219595335,531207612.6555071,74249901134.53111,75258967994.78908,1.013590144159649
2024-07-15 00:00:00,147.95483971650256,2482805432.3753552,139.66857529596834,531207612.6555071,74193010445.96727,78594737186.63153,1.0593280514458963
2024-07-16 00:00:00,159.92387112565993,3109645281.746366,139.79521009061995,531207612.6555071,74260279812.91327,84952777787.28879,1.14398677195014
2024-07-17 00:00:00,160.78254302928178,3487082045.509735,140.01033610263443,531207612.6555071,74374556388.17558,85408910839.26611,1.148361953159089
2024-07-18 00:00:00,155.40160618387858,2719714237.7638583,140.33224357871399,531207612.6555071,74545556090.03976,82550516223.76942,1.1073834652740517
2024-07-19 00:00:00,159.01459142432648,2617149109.5042167,140.72059531739473,531207612.6555071,74751851490.01498,84469761487.90735,1.1300022648829031
2024-07-20 00:00:00,169.216310530705,4472680911.645818,141.25921691009316,531207612.6555071,75037971380.39702,89888992339.38873,1.1979134121804285
2024-07-21 00:00:00,174.10164864661212,2111299630.434342,141.8707175721246,531207612.6555071,75362805187.212,92484121136.95473,1.2271852262825265
2024-07-22 00:00:00,184.45124996312572,4015804659.3674765,142.7069522354626,531207612.6555071,75807019406.34357,97981908144.2362,1.2925176179138502
2024-07-23 00:00:00,178.98087466888327,3355000351.4047484,143.67425187159847,531207612.6555071,76320856336.77785,95076003143.852,1.2457407805320488
2024-07-24 00:00:00,173.0332556528894,3948271727.5033097,144.74809598577409,531207612.6555071,76891290505.03323,91916582645.38141,1.1954095456281182
2024-07-25 00:00:00,178.01893576386516,3972470238.3003707,145.90861261585724,531207612.6555071,77507765773.54672,94565013874.59688,1.220071471946257
2024-07-26 00:00:00,171.69638408630425,5008783465.490734,147.06919994709602,531207612.6555071,78124278599.0523,91206426292.06868,1.1674530367205858
2024-07-27 00:00:00,183.08447393423776,3292350432.042273,148.22057933407353,531207612.6555071,78735900094.46939,97255866312.89586,1.23521628883655
2024-07-28 00:00:00,184.66861277323875,4036791400.471603,149.43995018428762,531207612.6555071,79383639172.75334,98097372923.67644,1.2357379171065537
2024-07-29 00:00:00,184.78835915686435,2337276737.241032,150.66285407536418,531207612.6555071,80033255029.23924,98160983114.24632,1.2265024467439731
2024-07-30 00:00:00,182.5435212575425,4625426991.760574,151.83817235649673,531207612.6555071,80657593047.47003,96968508132.94896,1.202224173437451
2024-07-31 00:00:00,179.0391933974778,3282604319.003352,152.99514039271196,531207612.6555071,81272183275.90666,95106982496.4418,1.1702279754632419
2024-08-01 00:00:00,171.97399127813304,3584555338.835737,153.99578219510767,531207612.6555071,81803731818.88058,91353893345.69604,1.116744814869329
2024-08-02 00:00:00,167.8878366549297,5413794223.966175,154.91140557498187,531207612.6555071,82290117928.59512,89183296903.36295,1.0837667893579783
2024-08-03 00:00:00,152.41068415516077,5270915155.685125,155.68993415490155,531207612.6555071,82703678236.91835,80961715673.25548,0.9789373024175209
2024-08-04 00:00:00,143.12748726015352,4326247996.572523,156.29324464915226,531207612.6555071,83024161364.25928,76030410812.84766,0.9157624667748546
2024-08-05 00:00:00,137.55503532710202,5254540267.45,156.70978462039153,531207612.6555071,83245430567.95688,73070281924.8538,0.8777692832665853
2024-08-06 00:00:00,129.6977057929065,16968925434.656973,156.71844649426606,531207612.6555071,83250031821.2989,68896408661.1462,0.8275841720882028
2024-08-07 00:00:00,143.64341390089055,6966233301.523892,156.5579084105877,531207612.6555071,83164752769.12782,76304474971.97894,0.9175097914834958
2024-08-08 00:00:00,145.14244971442133,6502915916.986337,156.29713834948532,531207612.6555071,83026229727.51761,77100774207.76974,0.9286315235655705
2024-08-09 00:00:00,163.04650728359596,6758056552.040139,155.9598147062178,531207612.6555071,82847040840.2852,86611545885.93776,1.0454392215759387
2024-08-10 00:00:00,156.48102610362196,3855610171.4743857,155.5631604242876,531207612.6555071,82636335066.13147,83123912302.3891,1.0059002766261045
2024-08-11 00:00:00,153.89246804945327,2125943908.7761607,155.12135078052103,531207612.6555071,82401642420.01805,81748850558.21397,0.992077926572426
2024-08-12 00:00:00,141.47128798826427,3023585724.110306,154.61417422896585,531207612.6555071,82132226374.87158,75150625151.54558,0.914995592698775
2024-08-13 00:00:00,146.52219296049833,4393744279.483663,154.1160042842527,531207612.6555071,81867594707.84378,77833704323.59587,0.9507266532179989
2024-08-14 00:00:00,146.771846931375,2815066563.4095407,153.65844187513977,531207612.6555071,81624534072.858,77966322413.45523,0.9551824497259923
2024-08-15 00:00:00,143.8673185637519,3299796280.89426,153.26338830582256,531207612.6555071,81414678609.42996,76423414833.39996,0.9386933184373969
2024-08-16 00:00:00,142.88162536670714,3650888706.8002696,153.1534345268018,531207612.6555071,81356270324.97389,75899807103.38704,0.9329312516442646
2024-08-17 00:00:00,139.1231866703018,3346024393.6814594,153.06513360743148,531207612.6555071,81309364204.3999,73903295856.15749,0.9089149396172298
2024-08-18 00:00:00,141.68880938274887,1510724675.0982165,153.00095278985285,531207612.6555071,81275270865.51567,75266174172.21124,0.926064882598207
2024-08-19 00:00:00,142.46608358914975,2449782934.9464426,152.88521490710843,531207612.6555071,81213790021.12921,75679068147.77216,0.9318499743465106
2024-08-20 00:00:00,144.57380160342618,2725980607.7225375,152.75249539180933,531207612.6555071,81143288404.25438,76798704002.28694,0.946457871163382
2024-08-21 00:00:00,142.51583020843475,2571440736.5736113,152.60733459676416,531207612.6555071,81066177884.86726,75705493930.64023,0.9338727433055936
2024-08-22 00:00:00,142.5238693684667,2339708556.8118854,152.47166417936592,531207612.6555071,80994108726.33316,75709764393.64856,0.9347564357978233
2024-08-23 00:00:00,143.25427944806466,1680863862.9906132,152.34512529478334,531207612.6555071,80926890307.54596,76097763788.2913,0.9403272941675808
2024-08-24 00:00:00,152.928737509745,3449069389.1326084,152.22982561735108,531207612.6555071,80865642241.15723,81236909558.97234,1.0045911626684163
2024-08-25 00:00:00,160.64024093840217,3689677142.440268,152.14513701518882,531207612.6555071,80820655010.98347,85333318885.29407,1.0558355271149105
2024-08-26 00:00:00,158.63304408954454,2152634485.4217806,152.08559962578997,531207612.6555071,80789028296.49718,84267080639.08275,1.0430510480930784
2024-08-27 00:00:00,157.03937393616738,3208083624.8852763,152.0560505967497,531207612.6555071,80773331627.3244,83420510921.54694,1.0327729368207343
2024-08-28 00:00:00,146.82431294389428,3533217490.5110555,152.02637506319923,531207612.6555071,80757567757.99278,77994192758.71115,0.9657818446493749
2024-08-29 00:00:00,143.8331722816584,3755527847.8503094,151.99532620855172,531207612.6555071,80741074370.03978,76405276068.408,0.9462999676997036
2024-08-30 00:00:00,139.9259778169222,2485174112.850169,151.96171385325755,531207612.6555071,80723219231.02824,74329744624.61469,0.9207975763687575
2024-08-31 00:00:00,138.21975492529612,3520846804.2245574,151.91987339644342,531207612.6555071,80700993261.8516,73423386035.69582,0.909820103421255
2024-09-01 00:00:00,135.29968573537374,1100650505.5125542,151.88109346467385,531207612.6555071,80680393066.87733,71872223052.52826,0.8908263869383006
2024-09-02 00:00:00,128.79106623891246,2592581489.9065843,151.82473294063664,531207612.6555071,80650453927.45552,68414794828.12997,0.8482877838439516
2024-09-03 00:00:00,134.98461607964123,2686355117.802632,151.74865799843437,531207612.6555071,80610042339.02534,71704855652.8864,0.8895275771139531
2024-09-04 00:00:00,127.58277629667671,2173659978.949648,151.6369591968283,531207612.6555071,80550707085.28769,67772942012.51926,0.8413699204497456
2024-09-05 00:00:00,133.56817999646105,3336191234.189469,151.49559973858635,531207612.6555071,80475615864.94872,70952434022.66113,0.8816637593893156
2024-09-06 00:00:00,129.2737299893364,2564083516.3012624,151.3253352329055,531207612.6555071,80385170063.36603,68671189486.70802,0.8542768452511315
2024-09-07 00:00:00,124.88794928540135,4234656649.947928,151.1210489204367,531207612.6555071,80276651619.02127,66341429389.340096,0.8264100214865057
2024-09-08 00:00:00,127.68773420349791,1696685412.630573,150.91541682448883,531207612.6555071,80167418284.24747,67828696451.631065,0.8460880729766384
2024-09-09 00:00:00,129.92115177962722,1689463330.6305983,150.7095475606516,531207612.6555071,80058058964.08534,69015104870.30957,0.8620631796890089
2024-09-10 00:00:00,134.8794136936412,2931030209.7421737,150.50722151601593,531207612.6555071,79950581828.93639,71648971344.57365,0.8961657276975795
2024-09-11 00:00:00,135.53520634032947,2072831875.2008343,150.30141234735765,531207612.6555071,79841254431.79082,71997333390.81796,0.9017560395713222
2024-09-12 00:00:00,132.60279314846,2671734090.663905,150.1031911658888,531207612.6555071,79735957831.20499,70439613179.84546,0.8834108863276066
2024-09-13 00:00:00,136.20912396005608,1924374547.7035882,149.9135717483237,531207612.6555071,79635230553.08711,72355323560.71942,0.9085843421082997
2024-09-14 00:00:00,138.97334178109747,2224225923.3992066,149.73635847919826,531207612.6555071,79541093515.4641,73823697110.29463,0.92812021871364
2024-09-15 00:00:00,137.18415865102773,1141559407.4449415,149.577338679522,531207612.6555071,79456620987.31313,72873269411.16676,0.9171453367341467
2024-09-16 00:00:00,131.62267074556308,1781296503.1532538,149.42876563162625,531207612.6555071,79377697853.23547,69918964698.09242,0.8808389080188282
2024-09-17 00:00:00,131.52040183855297,2079969051.5704038,149.30934179787764,531207612.6555071,79314259003.61569,69864638676.1507,0.8808584932119934
2024-09-18 00:00:00,131.52137869559544,2150547014.163277,149.19125418409254,531207612.6555071,79251529964.21274,69865157590.04813,0.8815622565469313
2024-09-19 00:00:00,133.61385947184837,2755309741.192964,149.07138446803228,531207612.6555071,79187854258.51466,70976699307.72899,0.8963078993909881
2024-09-20 00:00:00,142.68574337456613,3564421946.2642255,148.9607916905514,531207612.6555071,79129106533.2121,75795753097.97961,0.9578744967399144
2024-09-21 00:00:00,146.47882774731306,3882733732.26317,148.8585327503652,531207612.6555071,79074785805.72311,77810668392.22742,0.9840136473261973
2024-09-22 00:00:00,149.6684323230078,1873292317.7490916,148.77393939162002,531207612.6555071,79029849169.57758,79505010624.19731,1.0060124302350641
2024-09-23 00:00:00,144.8397327948964,2044307162.0407553,148.69618770453084,531207612.6555071,78988546881.499,76939968675.63847,0.9740648703294433
2024-09-24 00:00:00,144.88610360985587,2886324907.6015005,148.62336915229736,531207612.6555071,78949865112.21002,76964601205.54999,0.9748541190812877
2024-09-25 00:00:00,152.88718767415355,3787418563.3946958,148.56125158016204,531207612.6555071,78916867785.01205,81214837970.00157,1.029118872168745
2024-09-26 00:00:00,148.1082936254362,2721186645.010609,148.51016907651018,531207612.6555071,78889732370.19868,78676253071.24883,0.997293953312605
2024-09-27 00:00:00,155.466115622881,3823684872.5730457,148.48100682555037,531207612.6555071,78874241160.48666,82584784128.85565,1.0470437865870441
2024-09-28 00:00:00,157.79795876913818,3684393153.83145,148.47625532004386,531207612.6555071,78871717124.59003,83823476959.66603,1.0627824525140481
2024-09-29 00:00:00,156.9590627676465,1727901443.7016873,148.4909048786686,531207612.6555071,78879499081.65353,83377849017.44737,1.0570281250282445
2024-09-30 00:00:00,158.623421883811,2258758247.1894245,148.52005152544226,531207612.6555071,78894982002.30309,84261969250.14656,1.0680269785432843
2024-10-01 00:00:00,152.54403421201002,2919586309.5452104,148.5553694890446,531207612.6555071,78913743173.43214,81032552238.60184,1.026849683970929
2024-10-02 00:00:00,145.20896405799175,4888868006.422661,148.58443754221747,531207612.6555071,78929184344.56264,77136107133.42513,0.9772824560898806
2024-10-03 00:00:00,140.44843275006326,3403092048.7701364,148.60733399433187,531207612.6555071,78941347114.2286,74607276662.36864,0.9450975868756263
2024-10-04 00:00:00,136.65393647537826,3660493468.511928,148.62030404042176,531207612.6555071,78948236901.44806,72591611355.063,0.9194836288197278
2024-10-05 00:00:00,143.16476802180077,3107174327.531866,148.62255509991292,531207612.6555071,78949432681.3863,76050214637.24026,0.9632775316341243
2024-10-06 00:00:00,142.74066530825795,1404635947.7139452,148.62269166972064,531207612.6555071,78949505228.30782,75824928047.25847,0.9604230935708383
2024-10-07 00:00:00,146.3485360445286,1447038882.2257159,148.61313249238054,531207612.6555071,78944427320.53404,77741456447.84247,0.9847618012629668
2024-10-08 00:00:00,144.21265658625913,3411951971.0080686,148.5882651455973,531207612.6555071,78931217596.61623,76606861019.8952,0.9705521256671876
2024-10-09 00:00:00,143.4338504886754,2021753886.7147253,148.55582413672127,531207612.6555071,78913984685.73906,76193153292.0762,0.9655215561031661
2024-10-10 00:00:00,139.32635039743118,2070835887.6785858,148.51074105005907,531207612.6555071,78890036206.9021,74011217974.62408,0.9381567246403271
2024-10-11 00:00:00,138.76215517070165,2066229153.7766125,148.4564236146826,531207612.6555071,78861182371.73018,73711513175.16145,0.934699569018702
2024-10-12 00:00:00,145.3183432059626,2171464128.91537,148.40572281383538,531207612.6555071,78834249720.35242,77194210169.49303,0.9791963574629419
2024-10-13 00:00:00,146.58106227732287,1342624320.0323367,148.36307809719375,531207612.6555071,78811596522.23285,77864976152.8449,0.9879888187632272
2024-10-14 00:00:00,147.49229086781492,1681570122.0230145,148.33346355519203,531207612.6555071,78795865052.07622,78349027716.98361,0.9943291778725027
2024-10-15 00:00:00,157.3459292988939,3436470403.8856783,148.31777008844287,531207612.6555071,78787528563.07011,83583355463.92764,1.0608703812433768
2024-10-16 00:00:00,154.62263332245095,4033304497.2522097,148.31163907782022,531207612.6555071,78784271723.5541,82136719909.72704,1.0425522520273633
2024-10-17 00:00:00,154.2635899099486,2755639617.513603,148.3109287000984,531207612.6555071,78783894365.5004,81945993315.73196,1.0401363625865168
2024-10-18 00:00:00,150.27306080375143,2717600021.312216,148.31587238221246,531207612.6555071,78786520487.07394,79826193875.99666,1.0131960820517931
2024-10-19 00:00:00,155.0727514171131,2035291815.7684128,148.3274777108453,531207612.6555071,78792685325.99107,82375826068.20555,1.0454755505208364
2024-10-20 00:00:00,159.59268197009004,1863265086.5618672,148.35022317751162,531207612.6555071,78804767891.03763,84776847586.62112,1.0757832280381945
2024-10-21 00:00:00,166.573580832598,3153223457.134059,148.39412756101234,531207612.6555071,78828090233.78215,88485154205.56352,1.122507902235627
2024-10-22 00:00:00,166.37603410566598,4851472927.708045,148.46283318947124,531207612.6555071,78864587186.6518,88380215880.36205,1.1206578140222716
2024-10-23 00:00:00,167.21134937308716,4409925954.917367,148.55351095641586,531207612.6555071,78912755906.75139,88823941709.38354,1.1255967516119179
2024-10-24 00:00:00,171.31390405727439,4820717293.719623,148.6724654453742,531207612.6555071,78975945436.8456,91003249988.95932,1.152290732141112
2024-10-25 00:00:00,177.37306125678103,4352868535.962914,148.81394613684705,531207612.6555071,79051101057.19974,94221920419.61366,1.1919115503709004
2024-10-26 00:00:00,164.34475959360174,6060843280.997682,148.9708075809105,531207612.6555071,79134427050.41838,87301187396.16043,1.1032011053866457
2024-10-27 00:00:00,170.56035339294928,3465680935.5464296,149.1411549849478,531207612.6555071,79224916888.2391,90602958139.5482,1.143616954087309
2024-10-28 00:00:00,176.62596685410173,3262906486.5268407,149.33172388933832,531207612.6555071,79326148540.98677,93825058185.5381,1.182775918297104
2024-10-29 00:00:00,178.14045831001073,4573928546.776399,149.54999831897754,531207612.6555071,79442097579.65916,94629567576.21869,1.1911765985450038
2024-10-30 00:00:00,179.3686111316114,4626744759.960895,149.79506191887933,531207612.6555071,79572277229.51175,95281971704.55731,1.1974267297859758
2024-10-31 00:00:00,175.07910306095894,3787670946.354799,150.04679754805755,531207612.6555071,79706001112.10785,93003352362.87949,1.1668299885233069
2024-11-01 00:00:00,168.4025224117599,3406710809.991008,150.28963840847683,531207612.6555071,79835000025.82639,89456701895.5165,1.1205198455135907
2024-11-02 00:00:00,166.28821025376803,3797335906.931423,150.52464498717825,531207612.6555071,79959837309.4567,88333563181.66113,1.1047241484471366
2024-11-03 00:00:00,165.99502794396105,1957197289.8022513,150.73845523779949,531207612.6555071,80073414942.25049,88177822506.79573,1.1012122134467501
2024-11-04 00:00:00,162.66791799614072,3328092038.7950063,150.9295344626534,531207612.6555071,80174917681.1132,86410436374.3717,1.0777739332151182
2024-11-05 00:00:00,157.6072230849172,3431380035.9552183,151.10286454471722,531207612.6555071,80266991940.2077,83722156712.20279,1.043045898301121
2024-11-06 00:00:00,166.51143603878933,4231343887.3657613,151.27267715573743,531207612.6555071,80357197691.90654,88452142418.00545,1.1007370211830347
2024-11-07 00:00:00,187.1685353309579,12310513296.170946,151.51852672516645,531207612.6555071,80487794854.75533,99425350817.38608,1.2352848155028302
2024-11-08 00:00:00,196.20253922973225,6091288676.382452,151.79149198955412,531207612.6555071,80632796081.18857,104224282461.17455,1.292579291883068
2024-11-09 00:00:00,199.83336694253737,7260188189.931466,152.10548269750637,531207612.6555071,80799590335.55591,106153005782.4572,1.3137814850497391
2024-11-10 00:00:00,200.1685708629758,4159056437.727218,152.43873624400464,531207612.6555071,80976617156.40022,106331068656.78607,1.313108306950087
2024-11-11 00:00:00,210.18784246643875,11110901193.487217,152.88832380995873,531207612.6555071,81215441493.9903,111653382005.80875,1.3747802136133283
2024-11-12 00:00:00,222.64379026281208,12984443505.89922,153.5024624932541,531207612.6555071,81541676637.78302,118270076298.08183,1.4504248768816754
2024-11-13 00:00:00,213.0672905358662,13290465438.161457,154.25711960164548,531207612.6555071,81942556238.70512,113182966740.5348,1.381247692722984
2024-11-14 00:00:00,215.0830227659504,13805972977.973513,155.1533905810599,531207612.6555071,82418662205.97227,114253739046.23059,1.3862605384287767
2024-11-15 00:00:00,209.3680513303875,10550722956.667837,156.14293309079002,531207612.6555071,82944314720.18715,111217902713.5508,1.3408743334458144
2024-11-16 00:00:00,219.08569006216123,7498818405.350817,157.19900693352173,531207612.6555071,83505309184.97258,116379986384.90503,1.3936836773708814
2024-11-17 00:00:00,216.05467211977268,5969522661.832492,158.2169521933954,531207612.6555071,84046049456.28407,114769886579.81279,1.3655595631476942
2024-11-18 00:00:00,237.4665536612789,12972061001.980022,159.3516421629878,531207612.6555071,84648805406.13539,126144041055.93883,1.4902046219165646
2024-11-19 00:00:00,239.77742042710136,10983854913.148941,160.55945707678788,531207612.6555071,85290405883.02486,127371591073.77634,1.493387090318992
2024-11-20 00:00:00,237.91328769126025,8433368277.4585285,161.83189269633164,531207612.6555071,85966333370.74052,126381349573.4972,1.4701260902737572
2024-11-21 00:00:00,236.04012432804112,8823415601.787249,163.07865163359753,531207612.6555071,86628621209.36246,125386310935.2078,1.447400514804183
2024-11-22 00:00:00,257.2507185771503,14028640651.231201,164.35758699751366,531207612.6555071,87308001410.76904,136653540069.28171,1.565189190694567
2024-11-23 00:00:00,256.24790229652683,9312488228.35439,165.62187704507903,531207612.6555071,87979601908.64037,136120836426.91965,1.5471863190318822
2024-11-24 00:00:00,254.69897355925355,8833978840.183693,166.85567594838489,531207612.6555071,88635005278.56245,135298033690.2192,1.5264627475905708
2024-11-25 00:00:00,253.63893250552624,6901354952.3071165,168.08146858754586,531207612.6555071,89286155660.02184,134734931812.75189,1.509023776606387
2024-11-26 00:00:00,234.5375215535424,8666830055.465332,169.31012255977998,531207612.6555071,89938826003.39204,124588116902.5968,1.3852539825002603
2024-11-27 00:00:00,230.77914119497484,9750668817.715805,170.56514201741794,531207612.6555071,90605501893.3201,122591636644.87077,1.3530264065995847
2024-11-28 00:00:00,242.46678684660802,7109836475.670383,171.71877023665823,531207612.6555071,91218317985.55476,128800202989.03835,1.4119993202399874
2024-11-29 00:00:00,237.65273808614407,5255693436.08845,172.7754759960839,531207612.6555071,91779648129.2986,126242943639.7851,1.3755004100902066
2024-11-30 00:00:00,243.70089664594224,5755025280.657502,173.78500469678352,531207612.6555071,92315917460.30446,129455771509.29745,1.4023125704726167
2024-12-01 00:00:00,238.16347667858562,4804502975.567071,174.734080452747,531207612.6555071,92820073726.85904,126514251868.167,1.36300529388136
2024-12-02 00:00:00,237.54718827599987,5045595846.945474,175.5182644419065,531207612.6555071,93236638231.62312,126186874777.12216,1.353404382337793
2024-12-03 00:00:00,225.5283610124218,9899598134.99005,176.2391965036788,531207612.6555071,93619602831.044,119802382239.51793,1.2796719769867662
2024-12-04 00:00:00,234.99258635351788,10452192112.243505,176.92579055632473,531207612.6555071,93984326818.61353,124829850788.59532,1.3281985945328159
2024-12-05 00:00:00,229.06669921453178,8783744907.42495,177.58468818099345,531207612.6555071,94334338252.79817,121681974428.62856,1.2899011821394655
2024-12-06 00:00:00,237.3008587229224,12602226714.283775,178.2611357378311,531207612.6555071,94693672344.55255,126056022643.30537,1.3311979514812533
2024-12-07 00:00:00,237.00646868253727,8922633455.40031,178.9209849935983,531207612.6555071,95044189292.42116,125899640412.76283,1.32464321438325
2024-12-08 00:00:00,238.89329739813545,5251587540.533853,179.5483008649188,531207612.6555071,95377424258.80623,126901938190.2656,1.3305238548476392
2024-12-09 00:00:00,237.57854563045439,4395374812.781921,180.15928888432163,531207612.6555071,95701985745.95433,126203532042.52113,1.3187138287551803
2024-12-10 00:00:00,217.61737842270807,11429229527.743338,180.76537093753947,531207612.6555071,96023941146.51753,115600008064.27681,1.2038665220779603
2024-12-11 00:00:00,213.52687206332865,11187514118.859241,181.3722213630388,531207612.6555071,96346304712.286,113427099946.5587,1.1772854214313688
2024-12-12 00:00:00,227.0731413756734,7555103206.1240225,181.97694491486556,531207612.6555071,96667538466.56845,120622981328.35791,1.2478126912280303
2024-12-13 00:00:00,227.02574746034202,6550517085.993641,182.54904903321884,531207612.6555071,96971444529.46928,120597805319.74034,1.2436424547959692
2024-12-14 00:00:00,224.59546331682483,5161260053.695949,183.0625357015668,531207612.6555071,97244212556.69283,119306819881.78804,1.226878358567949
2024-12-15 00:00:00,219.871836259502,3877459092.60342,183.53124619089218,531207612.6555071,97493195136.75397,116797593229.59262,1.1980076462337739
2024-12-16 00:00:00,224.53658892974883,3942318066.518842,183.9185874973071,531207612.6555071,97698953787.4175,119275545359.18283,1.2208477239041238
2024-12-17 00:00:00,216.51544960024825,6624387280.0088625,184.26309065451179,531207612.6555071,97881956487.10849,115014655085.18164,1.1750342883709073
2024-12-18 00:00:00,222.74032965988914,7985124597.628129,184.60382607012284,531207612.6555071,98062957733.78241,118321358760.73035,1.206585661855567
2024-12-19 00:00:00,205.36330239790396,8480297085.511605,184.93183432274296,531207612.6555071,98237198214.58806,109090549593.84154,1.110481076175906
2024-12-20 00:00:00,194.9019815694289,10468690590.802677,185.21726834221437,531207612.6555071,98388822938.64212,103533416331.32397,1.0522883925127364
2024-12-21 00:00:00,194.12198450453806,12107653719.181095,185.46924337835975,531207612.6555071,98522673996.0417,103119075952.60501,1.0466532400120196
2024-12-22 00:00:00,181.0289078386085,6815137488.7062845,185.67359468574062,531207612.6555071,98631226966.17853,96163933954.58102,0.9749846667481531
2024-12-23 00:00:00,180.15299381882627,5182484546.123343,185.8373627748056,531207612.6555071,98718221821.79988,95698641759.24103,0.9694121307410741
2024-12-24 00:00:00,189.84218617656558,6301604625.525055,185.976924110055,531207612.6555071,98792357865.51672,100845614500.15572,1.020783557341895
2024-12-25 00:00:00,197.50098597289022,4227931012.2157845,186.10451684863983,531207612.6555071,98860136099.57256,104914027255.7678,1.0612369292117678
2024-12-26 00:00:00,197.3576592740719,3348485302.259563,186.21639308623003,531207612.6555071,98919565608.65573,104837891022.25873,1.0598296745157272
2024-12-27 00:00:00,188.14456627233477,3632161406.3318877,186.30255537083275,531207612.6555071,98965335670.16049,99943825883.6328,1.0098872014816733
2024-12-28 00:00:00,183.74866385462855,3493249464.36059,186.3500331080648,531207612.6555071,98990556205.6098,97608689054.85649,0.9860404143211088
2024-12-29 00:00:00,194.8276511169169,2617139754.420275,186.37945315968517,531207612.6555071,99006184360.99527,103493931429.09747,1.0453279469062158
2024-12-30 00:00:00,189.9284130164687,2637965244.6069903,186.39862157547876,531207612.6555071,99016366769.38736,100891418853.92747,1.0189367893987382
2024-12-31 00:00:00,190.70066508822853,3958275830.342855,186.40815334061566,531207612.6555071,99021430115.59013,101301645033.33528,1.0230274892524114
2025-01-01 00:00:00,189.45168366761857,3962483816.1795225,186.42345661588325,531207612.6555071,99029559331.91084,100638176594.64198,1.0162438091574217
2025-01-02 00:00:00,193.64679144177083,2824600478.597266,186.44493608054293,531207612.6555071,99040969387.05383,102866649780.18196,1.0386272510942143
2025-01-03 00:00:00,207.87862676897498,5084254052.257431,186.47617376453047,531207612.6555071,99057563082.58974,110426709048.05238,1.1147731239459582
2025-01-04 00:00:00,217.647289485303,4911221653.277528,186.51912079244016,531207612.6555071,99080376870.75629,115615897048.42986,1.1668899604534513
2025-01-05 00:00:00,216.68364826265568,3044194454.6550207,186.56802911754477,531207612.6555071,99106357345.37408,115104003495.09094,1.1614189702681426
2025-01-06 00:00:00,213.44823541657385,3048234520.4287724,186.62533533798975,531207612.6555071,99136798845.92699,113385327561.16885,1.1437259310479266
2025-01-07 00:00:00,218.4209767110049,4309097910.341224,186.6989493433132,531207612.6555071,99175903165.95285,116026885592.53702,1.1699100475887485
2025-01-08 00:00:00,202.492545725036,5199767125.738103,186.7788989901581,531207612.6555071,99218373026.986,107565581795.13248,1.0841296678577481
2025-01-09 00:00:00,197.45206766283226,5972330799.666177,186.86454000843574,531207612.6555071,99263866187.85063,104888041477.06677,1.0566588377544428
2025-01-10 00:00:00,185.0111350868991,4609352627.060508,186.9470622495484,531207612.6555071,99307702630.54308,98279323384.19719,0.9896445167987443
2025-01-11 00:00:00,187.8201167474825,4489439743.585478,187.02847977746478,531207612.6555071,99350952241.17586,99771475826.10881,1.0042327081466933
2025-01-12 00:00:00,188.0632507646954,2634148745.1065474,187.10779204645127,531207612.6555071,99393083522.23845,99900630466.94781,1.0051064614027776
2025-01-13 00:00:00,188.39194289058088,1635265225.559339,187.17488306848102,531207612.6555071,99428722783.8815,100075234226.4381,1.006502260357521
2025-01-14 00:00:00,183.11428850097792,6287216536.189147,187.2217955477758,531207612.6555071,99453643050.01143,97271704037.71625,0.9780607432228705
2025-01-15 00:00:00,187.70452520232413,3315788782.9493647,187.25855745125082,531207612.6555071,99473171252.99307,99710072717.36206,1.0023815613937397
2025-01-16 00:00:00,205.75854800567018,4804084650.374077,187.2957412679873,531207612.6555071,99492923579.51106,109300507069.5556,1.0985756889755751
2025-01-17 00:00:00,211.23399374041628,7068314924.706724,187.33572794028333,531207612.6555071,99514164804.23949,112209105526.53487,1.1275691832139514
2025-01-18 00:00:00,219.77905400813702,5970704168.89648,187.38723009559067,531207612.6555071,99541523141.20691,116748306591.34822,1.1728603592465854
2025-01-19 00:00:00,262.5615764589647,25509863876.61015,187.62917454998075,531207612.6555071,99670045877.2187,139474708205.833,1.3993643423988062
2025-01-20 00:00:00,251.97488550305266,27745408600.276928,188.04578715778595,531207612.6555071,99891353666.01309,133850977377.22134,1.3399655972703335
2025-01-21 00:00:00,242.47150410221352,24105137275.239193,188.58273805701322,531207612.6555071,100176586071.30482,128802708831.12683,1.2857566212073366
2025-01-22 00:00:00,250.3984908388754,12579840532.32276,189.1898311589432,531207612.6555071,100499078548.64069,133013584531.06087,1.323530389054099
2025-01-23 00:00:00,256.1143343782641,10328230618.34812,189.85889164263057,531207612.6555071,100854488570.90239,136049884131.93195,1.3489720295025502
2025-01-24 00:00:00,253.49503131499628,10816185398.469212,190.5919207676491,531207612.6555071,101243879222.41045,134658490404.87218,1.3300408028524588
2025-01-25 00:00:00,253.62637885441316,8592029753.25568,191.3725548811106,531207612.6555071,101658558006.17978,134728263217.714,1.325301734159203
2025-01-26 00:00:00,257.0742996969564,5803289041.239068,192.1773319267179,531207612.6555071,102086061699.29678,136559825017.10657,1.3376931458023642
2025-01-27 00:00:00,241.06731630326192,4718944732.494511,192.98418427505013,531207612.6555071,102514667809.01984,128056793582.72577,1.2491558166221612
2025-01-28 00:00:00,234.97914713600687,12684970731.866884,193.81662294621054,531207612.6555071,102956865568.20908,124822711773.94534,1.2123787091328078
2025-01-29 00:00:00,226.88945614638288,5786086231.183104,194.46819839581042,531207612.6555071,103302987407.25597,120525406336.22643,1.1667175302595436
2025-01-30 00:00:00,228.6145425527223,6211589569.140341,194.96460538756637,531207612.6555071,103566682580.25215,121441785367.76245,1.1725951082159958
2025-01-31 00:00:00,239.04719726337646,5322441765.57196,195.3609969617324,531207612.6555071,103777248802.04164,126983690970.26828,1.2236178202458774
2025-02-01 00:00:00,231.50782299297455,4767010236.438659,195.70204242437222,531207612.6555071,103958414748.05754,122978717963.17172,1.1829606892449231
2025-02-02 00:00:00,214.46366422580272,4126022505.958027,195.9874886630036,531207612.6555071,104110045963.0224,113924731074.74094,1.0942722195627932
2025-02-03 00:00:00,202.32492853599265,9577730751.60321,196.21650455344928,531207612.6555071,104231700947.44623,107476542268.30074,1.031131040665743
2025-02-04 00:00:00,215.95147229807475,17185125725.03428,196.42652670159165,531207612.6555071,104343266311.36572,114715066048.90216,1.0994007577507345
2025-02-05 00:00:00,207.42406393975517,8488460261.020004,196.61042836343216,531207612.6555071,104440956274.1154,110185241812.7406,1.0550003154274916
2025-02-06 00:00:00,196.21787573260255,4519102616.629987,196.7738316542202,531207612.6555071,104527757346.11496,104232429328.25076,0.997174645038195
2025-02-07 00:00:00,189.38932513491977,4544519196.979243,196.8881317023692,531207612.6555071,104588474401.8186,100605051267.35835,0.9619133641900509
2025-02-08 00:00:00,192.2709679394336,5321325630.808724,196.9838179128668,531207612.6555071,104639303645.2611,102135801862.07007,0.9760749384220084
2025-02-09 00:00:00,199.70939394589394,2738591550.9889145,197.06176765459247,531207612.6555071,104680711141.47029,106087150382.8765,1.013435514776982
2025-02-10 00:00:00,200.44634668796408,3575183754.783349,197.12013140783048,531207612.6555071,104711714411.49347,106478625289.63152,1.0168740516576253
2025-02-11 00:00:00,200.0458466193684,4877446867.21056,197.1646545514896,531207612.6555071,104735365444.34456,106265876604.32443,1.0146131266500729
2025-02-12 00:00:00,197.92915264031842,4610068875.979272,197.20288643694667,531207612.6555071,104755674512.94553,105141472648.99101,1.0036828375917508
2025-02-13 00:00:00,196.60301392852935,4991943969.554793,197.23617842460038,531207612.6555071,104773359470.2276,104437017669.85149,0.9967898156356083
2025-02-14 00:00:00,194.2631701900725,3243643748.254954,197.23989435269627,531207612.6555071,104775333399.52022,103194074863.55888,0.9849081030366965
2025-02-15 00:00:00,199.65011966060425,4307573002.935994,197.23691221680255,531207612.6555071,104773749266.2315,106055663431.2959,1.0122350700823641
2025-02-16 00:00:00,194.4254509858272,2126185023.7187572,197.23384118808895,531207612.6555071,104772117912.40015,103280279657.65158,0.9857611138872282
2025-02-17 00:00:00,188.165584495931,2477404625.155988,197.2319861861679,531207612.6555071,104771132521.2582,99954990924.01161,0.9540317883242373
2025-02-18 00:00:00,177.91997195388805,4953743554.608888,197.2244321236875,531207612.6555071,104767119745.76215,94512443545.35965,0.9021193268910372
2025-02-19 00:00:00,169.10718217289786,7430021942.540908,197.19902200526582,531207612.6555071,104753621697.41806,89831022524.965,0.8575457446659253
2025-02-20 00:00:00,169.26443436615673,4126508611.428817,197.16317791734045,531207612.6555071,104734581045.04341,89914556087.13089,0.8584992195506197
2025-02-21 00:00:00,176.02074183930708,3748737861.764053,197.11972299361364,531207612.6555071,104711497458.75237,93503558050.30965,0.8929636221384598
2025-02-22 00:00:00,169.00123201382314,5320752621.586434,197.06386448952884,531207612.6555071,104681824996.15097,89774740993.90245,0.8575962541463464
2025-02-23 00:00:00,172.21280391506767,2446840289.512584,197.00337543932667,531207612.6555071,104649692752.20128,91480752436.43407,0.8741616915498283
2025-02-24 00:00:00,168.09302650361454,1845951247.1170418,196.93939546599762,531207612.6555071,104615706103.31139,89292295313.02396,0.8535266705062903
2025-02-25 00:00:00,141.16593031186233,8204544974.98999,196.83762071864334,531207612.6555071,104561642582.7407,74988416829.25807,0.717169460779262
2025-02-26 00:00:00,144.3563354963687,10792855904.5099,196.69129619042315,531207612.6555071,104483913879.43192,76683184350.72345,0.7339233524426658
2025-02-27 00:00:00,134.6628545613439,5565468106.450874,196.51960456163812,531207612.6555071,104392709979.1921,71533933484.90726,0.6852387824702093
2025-02-28 00:00:00,137.60648163669737,4247821646.488742,196.3362515716098,531207612.6555071,104295311475.08589,73097610596.15388,0.7008714923260522
2025-03-01 00:00:00,148.17466304440643,8773643463.195835,196.1373792708545,531207612.6555071,104189668994.97836,78711509011.85333,0.7554636632509792
2025-03-02 00:00:00,143.4002225931321,3750217492.258566,195.93266076729805,531207612.6555071,104080920967.43773,76175289897.96602,0.7318852407330049
2025-03-03 00:00:00,178.17413183106032,13105437774.765995,195.71730714837497,531207612.6555071,103966523485.65288,94647455206.94514,0.9103647215827724
2025-03-04 00:00:00,142.5141267061424,10365994673.49476,195.47213719293296,531207612.6555071,103836287338.92767,75704589017.25435,0.7290764236412861
2025-03-05 00:00:00,145.06190940041165,8959390661.47582,195.1979102511804,531207612.6555071,103690615899.87347,77057990579.84213,0.7431529836243953
2025-03-06 00:00:00,146.1815871653316,5058439503.511892,194.90945805840678,531207612.6555071,103537387899.18495,77652771932.28871,0.7499974019810094
2025-03-07 00:00:00,143.45134750836067,4945954333.278534,194.63891137639206,531207612.6555071,103393671442.12004,76202447842.13179,0.7370126892610642
2025-03-08 00:00:00,139.1826626278542,7016301953.403862,194.38441122440813,531207612.6555071,103258479023.9642,73934889937.5793,0.7160176155647276
2025-03-09 00:00:00,136.88210638232243,2514068553.482356,194.14640350135224,531207612.6555071,103132047509.60611,72712816946.61066,0.7050458000442386
2025-03-10 00:00:00,126.63426805755283,3801194130.62927,193.90889606863735,531207612.6555071,103005881753.28569,67269087215.23018,0.653060641491809
2025-03-11 00:00:00,118.78644366084116,5864031854.074184,193.6714008099691,531207612.6555071,102879722463.91153,63100263152.91332,0.6133401378007005
2025-03-12 00:00:00,125.4287680235315,6029007255.049647,193.41880539337365,531207612.6555071,102745541855.69414,66628716420.10158,0.6484827975668418
2025-03-13 00:00:00,126.56536487567297,4689543463.448166,193.16023219424017,531207612.6555071,102608185803.88574,67232485320.47941,0.6552351042340847
2025-03-14 00:00:00,123.23770752728635,3271148359.248695,192.92681340165055,531207612.6555071,102484191964.32527,65464808404.7074,0.6387795732194063
2025-03-15 00:00:00,133.5545345544276,3701658672.5857406,192.71128608570635,531207612.6555071,102369702213.3605,70945185459.97491,0.6930291280139691
2025-03-16 00:00:00,135.83808085318316,2173510694.828497,192.50526607429364,531207612.6555071,102260262814.9387,72158222637.72517,0.7056330646080046
2025-03-17 00:00:00,126.16514527624146,2798721596.9139237,192.30467601314467,531207612.6555071,102153707847.43333,67019885622.52745,0.6560690457033799
2025-03-18 00:00:00,128.27980954134415,2835104845.2985606,192.1198323518388,531207612.6555071,102055517487.39655,68143211378.360565,0.6677072740018782
2025-03-19 00:00:00,125.34406014353017,2936759432.6961746,191.93143326117436,531207612.6555071,101955438456.21822,66583718949.39296,0.6530668687966595
2025-03-20 00:00:00,135.62276169425357,4227937432.462337,191.74487116834183,531207612.6555071,101856335252.27263,72043843461.3512,0.7073084190876948
2025-03-21 00:00:00,127.67626424914864,2856454079.9876003,191.5777912770116,531207612.6555071,101767581142.07637,67822603524.56392,0.6664460603605944
2025-03-22 00:00:00,128.23973822410704,2682481813.177558,191.42878074070455,531207612.6555071,101688425610.82417,68121925189.59508,0.6699083477829346
2025-03-23 00:00:00,128.39187391771924,1633225353.201732,191.29536118021917,531207612.6555071,101617552124.61719,68202740828.1985,0.671170869620625
2025-03-24 00:00:00,132.10106868785385,1946961909.8583128,191.17039483547768,531207612.6555071,101551169050.96478,70173093326.916,0.691012166405477
2025-03-25 00:00:00,140.57936877383233,4982998048.548014,191.04332720999372,531207612.6555071,101483669760.98564,74676830874.9656,0.7358507142168241
2025-03-26 00:00:00,143.93305133739045,4141256445.109851,190.9112929630907,531207612.6555071,101413532163.89952,76458332583.15773,0.753926334599899
2025-03-27 00:00:00,137.09334253160864,3544853266.965955,190.77917746727584,531207612.6555071,101343351406.77292,72825027197.17952,0.7185969892082384
2025-03-28 00:00:00,138.37897933357002,3091328527.031395,190.64874911013754,531207612.6555071,101274066870.5549,73507967253.49149,0.7258320863864082
2025-03-29 00:00:00,129.44621681849003,3970975243.7690816,190.5152882449126,531207612.6555071,101203171442.95581,68762815803.43724,0.679453171506548
2025-03-30 00:00:00,124.50189658068513,2655617262.6764107,190.3866383203061,531207612.6555071,101134831623.63728,66136355253.70859,0.6539424072986855
2025-03-31 00:00:00,124.5806499329744,1878569311.0322552,190.26248696169347,531207612.6555071,101068881476.82072,66178189633.96679,0.6547830416936412
2025-04-01 00:00:00,124.86617842858315,3728330337.9255114,190.13334928320918,531207612.6555071,101000282558.92921,66329864544.46423,0.6567294948483305
2025-04-02 00:00:00,126.80693682115113,3477738068.3977413,189.99609210845057,531207612.6555071,100927370502.80586,67360810176.92141,0.6674186580046562
2025-04-03 00:00:00,118.08550586157003,6220758262.820647,189.83564239292767,531207612.6555071,100842138392.47168,62727919657.942505,0.6220407525850863
2025-04-04 00:00:00,117.1929518844708,5474729959.575941,189.66549117673267,531207612.6555071,100751752771.12631,62253788190.60145,0.6178928552441253
2025-04-05 00:00:00,122.71307466195722,6141157658.850645,189.48071612077953,531207612.6555071,100653598854.77515,65186119432.795296,0.64762830315533
2025-04-06 00:00:00,120.16838205477265,1955824996.8725355,189.3001942879926,531207612.6555071,100557704282.94821,63834359347.99066,0.6348032684633911
2025-04-07 00:00:00,105.76515013740064,4396294752.456149,189.10573672141015,531207612.6555071,100454406943.24115,56183252906.63987,0.5592910716041019
2025-04-08 00:00:00,106.7967654056102,9917012343.481733,188.8723718778198,531207612.6555071,100330441761.79979,56731254790.44444,0.5654440845095983
2025-04-09 00:00:00,105.48654682895575,6176838846.398615,188.6162882030359,531207612.6555071,100194408164.27779,56035256708.282936,0.5592653096608752
2025-04-10 00:00:00,118.96288063114291,8239588242.375064,188.33016892620125,531207612.6555071,100042419426.29573,63193987814.69149,0.6316719265396056
2025-04-11 00:00:00,112.88616853404648,4925583853.038068,188.03629637976735,531207612.6555071,99886312092.47958,59965992088.79805,0.6003424376432942
2025-04-12 00:00:00,121.39249540173658,4490645224.532262,187.73792297847356,531207612.6555071,99727813870.2984,64484617676.65111,0.6466061490179356
2025-04-13 00:00:00,132.15438529607428,4651920909.779958,187.4538362032021,531207612.6555071,99576904812.61945,70201415515.08366,0.7049969633740513
2025-04-14 00:00:00,128.2347432835372,4291450492.451211,187.18065710911512,531207612.6555071,99431789998.2221,68119271839.13962,0.6850854423958135
2025-04-15 00:00:00,129.42181202590046,5081658904.236963,186.91654520201013,531207612.6555071,99291491742.57498,68749851791.82838,0.6924042592699742
2025-04-16 00:00:00,126.3038818388089,3719787998.9004683,186.6468355406294,531207612.6555071,99148219917.2428,67093583540.716934,0.676699829777264
2025-04-17 00:00:00,131.4761427933663,5101503918.076568,186.38395404907862,531207612.6555071,99008575267.70479,69841127934.41867,0.7054048373646264
2025-04-18 00:00:00,134.6151648808524,4018737660.8549724,186.16354999229492,531207612.6555071,98891494954.88113,71508600363.58507,0.7231016215925403
2025-04-19 00:00:00,133.9760882871713,2480801560.1936097,185.96978047084033,531207612.6555071,98788563109.98384,71169118011.95172,0.7204185967632439
2025-04-20 00:00:00,139.64248014652355,2834667466.059489,185.80615878840928,531207612.6555071,98701646026.68095,74179148503.92882,0.7515492546484662
2025-04-21 00:00:00,137.6315829179827,3092429798.991093,185.65774797240707,531207612.6555071,98622809071.42017,73110944587.86006,0.7413188214393178
2025-04-22 00:00:00,136.3303974884886,4783795038.828256,185.51384346635535,531207612.6555071,98546365902.31007,72419744982.23636,0.7348799148415754
2025-04-23 00:00:00,148.80397504642707,5472749483.478719,185.37403263298242,531207612.6555071,98472097323.29065,79045804338.06218,0.8027228675606388
2025-04-24 00:00:00,150.9999108899842,5423865832.324091,185.2390298936902,531207612.6555071,98400382840.44928,80212302175.0628,0.8151625009947631
2025-04-25 00:00:00,152.3299363576059,4515150018.575274,185.1139203432966,531207612.6555071,98333923694.86429,80918821828.48917,0.8228983324166422
2025-04-26 00:00:00,150.92008896105446,5066838746.453711,184.9925842602161,531207612.6555071,98269469043.84213,80169900158.75848,0.8158169667426546
2025-04-27 00:00:00,149.14633083954075,2422656520.389346,184.8842996335546,531207612.6555071,98211947425.82599,79227666341.60088,0.8067008996175045
2025-04-28 00:00:00,148.2466719511348,2296538427.6507287,184.78433548871382,531207612.6555071,98158845711.09396,78749760691.28644,0.8022686098313205
2025-04-29 00:00:00,147.99083303267335,4344220983.973297,184.68259816555494,531207612.6555071,98104802070.54077,78613857110.18617,0.8013252710469776
2025-04-30 00:00:00,146.49305755147196,3236163761.820636,184.58155791165834,531207612.6555071,98051128718.48625,77818227372.52322,0.793649480527108
2025-05-01 00:00:00,147.73348327834748,3339352715.472854,184.4824339214038,531207612.6555071,97998473300.26625,78477150961.57324,0.8007997300235495
2025-05-02 00:00:00,150.76046702861854,3739901458.503681,184.39077502826737,531207612.6555071,97949783398.4646,80085107773.10175,0.817613934349518
2025-05-03 00:00:00,147.97213909446802,3193090564.1996865,184.30480057500512,531207612.6555071,97904113114.3978,78603926747.90099,0.8028664399018133
2025-05-04 00:00:00,146.79754814764868,1777312803.7801025,184.22669985834804,531207612.6555071,97862625419.15572,77979975095.19432,0.7968310145083278
2025-05-05 00:00:00,143.9823040324787,1839075329.597307,184.15349969672826,531207612.6555071,97823740936.05566,76484495989.7324,0.7818602647769107
2025-05-06 00:00:00,146.81070557078957,2594552533.4757075,184.08532261781187,531207612.6555071,97787524752.72667,77986964418.52968,0.7975144540751362
2025-05-07 00:00:00,146.90938773866714,3138354742.93678,184.01530666544096,531207612.6555071,97750331745.81992,78039385137.3396,0.798354171730745
2025-05-08 00:00:00,147.20059726659957,4811988060.661323,183.9394443723906,531207612.6555071,97710033118.23805,78194077855.45512,0.8002666190976843
2025-05-09 00:00:00,163.41627317514832,7618036777.599004,183.8640850185157,531207612.6555071,97670001655.77492,86807968342.43073,0.8887884393447028
2025-05-10 00:00:00,172.6970765026263,8703440319.327112,183.7907231798466,531207612.6555071,97631031288.59547,91738001721.54558,0.9396397898365919
2025-05-11 00:00:00,177.3428319704922,4641291512.67865,183.72349823960818,531207612.6555071,97595320888.58052,94205862392.6119,0.9652702766371536
2025-05-12 00:00:00,172.85779222329435,4733142340.016698,183.66121713356097,531207612.6555071,97562236690.92363,91823375135.83788,0.94117742940574
2025-05-13 00:00:00,174.41950190990173,8002629811.569619,183.60188361268692,531207612.6555071,97530718272.94969,92652967210.12155,0.9499875408568482
2025-05-14 00:00:00,184.05379777179434,6287498118.264789,183.54710637054455,531207612.6555071,97501620184.92339,97770778514.53436,1.0027605523795449
2025-05-15 00:00:00,176.45507175799847,5807895946.602451,183.49457906826677,531207612.6555071,97473717282.08118,93734277409.52255,0.9616364290105303
2025-05-16 00:00:00,168.75269732863256,5419257075.786196,183.44334605004593,531207612.6555071,97446501912.78294,89642717477.12027,0.9199172440007415
2025-05-17 00:00:00,167.76812404954248,4389549581.69855,183.39535226578792,531207612.6555071,97421007249.22495,89119704656.05043,0.9147893988414849
2025-05-18 00:00:00,165.9394166641985,3269429713.7712717,183.35515471966397,531207612.6555071,97399654006.71384,88148281371.63635,0.9050163706491218
2025-05-19 00:00:00,171.54067495745267,4719647862.73409,183.3213992729273,531207612.6555071,97381722856.43872,91123712417.46275,0.9357373205626933
2025-05-20 00:00:00,166.7148813421899,4917489419.353307,183.28864768556915,531207612.6555071,97364324963.90752,88560214111.93083,0.9095755980926246
2025-05-21 00:00:00,168.38572912424627,4723025924.7160635,183.25341995760564,531207612.6555071,97345611726.63675,89447781173.34775,0.9188681398862902
2025-05-22 00:00:00,173.96771434765478,6215139156.977671,183.21789372358467,531207612.6555071,97326739920.67583,92412974217.7529,0.949512685753907
2025-05-23 00:00:00,179.57884486750282,5820960214.759074,183.1856610154357,531207612.6555071,97309617660.73059,95393649465.49983,0.9803105978495283
2025-05-24 00:00:00,174.43566967519817,8631193319.547667,183.14865289225403,531207612.6555071,97289958663.9664,92661555650.12665,0.9524267141501624
2025-05-25 00:00:00,175.9976176396849,3543822748.1900992,183.11264983514604,531207612.6555071,97270833565.95177,93491274299.43378,0.9611439613709554
2025-05-26 00:00:00,175.13203918726265,3915382381.155895,183.07971243229935,531207612.6555071,97253336966.8185,93031472436.15651,0.9565890008267538
2025-05-27 00:00:00,174.71672204451494,3202505989.7881603,183.04941390196277,531207612.6555071,97237242156.85143,92810852808.26259,0.9544784565007642
2025-05-28 00:00:00,176.57784495904014,4151034839.0818906,183.0210335726395,531207612.6555071,97222166309.86525,93799495468.54597,0.9647953653860111
2025-05-29 00:00:00,172.12073410994773,3798038676.2862353,182.99359443231106,531207612.6555071,97207590429.63805,91431844255.05864,0.9405833829534117
2025-05-30 00:00:00,166.83894593726552,3849498974.469161,182.96744128489996,531207612.6555071,97193697678.63838,88626118169.29604,0.9118504623862524
2025-05-31 00:00:00,156.51262963204462,4811893138.165595,182.93799882330106,531207612.6555071,97178057618.90172,83140700337.274,0.855550135230349
2025-06-01 00:00:00,156.86968538083693,3067057498.6570454,182.907287550237,531207612.6555071,97161743556.85574,83330371069.17488,0.8576459007285392
2025-06-02 00:00:00,157.63092185153255,2744309615.2839994,182.8737095574233,531207612.6555071,97143906671.45541,83734745677.4394,0.8619660104944479
2025-06-03 00:00:00,156.97126157615844,3295032805.67504,182.8396012897832,531207612.6555071,97125788100.0305,83384329117.39426,0.8585189448503231
2025-06-04 00:00:00,155.57609294535118,4001215457.270695,182.80058019890478,531207612.6555071,97105059799.50177,82643204919.77127,0.8510700172618121
2025-06-05 00:00:00,153.52933334658826,2894328554.847466,182.75844307283415,531207612.6555071,97082676237.35764,81555950639.63269,0.8400669800267596
2025-06-06 00:00:00,144.54778524030908,5147783563.002369,182.70637522182702,531207612.6555071,97055017398.52803,76784883912.14554,0.7911480103790088
2025-06-07 00:00:00,148.27289869882955,3081994292.815606,182.64970541704238,531207612.6555071,97024913966.81873,78763692539.3171,0.8117883265142937
2025-06-08 00:00:00,150.07536034230216,2061571442.4994385,182.59158675148927,531207612.6555071,96994040889.23953,79721173885.84929,0.8219182658539337
2025-06-09 00:00:00,152.50446458828966,2132215310.9007103,182.53343752138863,531207612.6555071,96963151575.54002,81011532553.25168,0.835487824363247
2025-06-10 00:00:00,161.15980951265985,4008837628.698958,182.47789697981477,531207612.6555071,96933648017.04497,85609317667.23631,0.8831744127919609
2025-06-11 00:00:00,164.9644225697288,5347282400.770432,182.4217034659026,531207612.6555071,96903797594.67296,87630357086.3599,0.9043026100266802
2025-06-12 00:00:00,161.01986639557893,5796688364.492554,182.36247566049548,531207612.6555071,96872335333.55981,85534978818.10419,0.882966003901756
2025-06-13 00:00:00,152.6604566097001,3971540185.958896,182.30149365834504,531207612.6555071,96839941229.78253,81094396702.53842,0.8374065047201653
2025-06-14 00:00:00,148.53042859104298,6899166919.424324,182.23356636819037,531207612.6555071,96803857736.14531,78900494378.54721,0.8150552697352554
2025-06-15 00:00:00,144.75154594223267,2347896839.3558106,182.1655748700276,531207612.6555071,96767740134.7254,76893123148.16737,0.7946152616679124
2025-06-16 00:00:00,152.684889859998,3899774764.538459,182.10255464816424,531207612.6555071,96734263313.12035,81107375831.09859,0.8384555074199626
2025-06-17 00:00:00,151.43554856186984,5091508004.197791,182.0368519171856,531207612.6555071,96699361522.25223,80443716222.72798,0.8318950089884147
2025-06-18 00:00:00,147.99188434299543,5049196750.599356,181.96531642891821,531207612.6555071,96661361326.30957,78614415574.23253,0.8132972109594636
2025-06-19 00:00:00,146.27697674399295,4140075680.6693616,181.88915878842914,531207612.6555071,96620905807.91989,77703443602.64162,0.8042094301735718
2025-06-20 00:00:00,147.09924520457085,3317445622.022612,181.81144820439562,531207612.6555071,96579625354.09738,78140238868.54713,0.8090758126473934
2025-06-21 00:00:00,140.04009054961782,4927733598.47951,181.7275251630697,531207612.6555071,96535044795.66785,74390362176.92352,0.7706047304829334
2025-06-22 00:00:00,133.71000196412658,3965117683.287045,181.64002347428007,531207612.6555071,96488563232.46259,71027770931.52684,0.736126319555666
2025-06-23 00:00:00,131.8134744866569,6034851129.188091,181.5424516676566,531207612.6555071,96436732346.00365,70020321097.8846,0.7260752142312322
2025-06-24 00:00:00,144.7815680115998,6803245546.166264,181.44434135078546,531207612.6555071,96384615398.80165,76909071099.96286,0.7979392850377973
2025-06-25 00:00:00,145.8019507474219,4365577695.258674,181.34265390032618,531207612.6555071,96330598251.00615,77451106177.05382,0.8040135489996799
2025-06-25 00:19:50,146.126939490958,4349326317.909327,181.23905791233415,531207612.6555071,96275567273.54422,77623742671.64754,0.8062662715982557
